{
  "source": "bybit+okx",
  "btc": {
    "oi_bybit_usd": 3220761759.96,
    "oi_bybit_coin": 51242.769,
    "oi_okx_usd": 1961865112.0682485,
    "oi_okx_coin": 31212.65380000014,
    "oi_okx_contracts": 3121265.380000014,
    "oi_okx_ts": "1782280689822",
    "long_short_ratio_bybit": 1.576,
    "long_account_pct_bybit": 0.6118,
    "short_account_pct_bybit": 0.3882,
    "ls_ts_bybit": "1782277200000",
    "long_short_ratio_okx": 1.77,
    "ls_ts_okx": "1782277200000",
    "long_short_ratio": 1.576,
    "oi_combined_usd": 5182626872.028249,
    "ok": true,
    "as_of": "1782280689822"
  },
  "eth": {
    "oi_bybit_usd": 1206357256.54,
    "oi_bybit_coin": 720953.61,
    "oi_okx_usd": 1266914140.2328436,
    "oi_okx_coin": 757126.0370000022,
    "oi_okx_contracts": 7571260.3700000215,
    "oi_okx_ts": "1782280690942",
    "long_short_ratio_bybit": 2.5587,
    "long_account_pct_bybit": 0.719,
    "short_account_pct_bybit": 0.281,
    "ls_ts_bybit": "1782277200000",
    "long_short_ratio_okx": 2.75,
    "ls_ts_okx": "1782277200000",
    "long_short_ratio": 2.5587,
    "oi_combined_usd": 2473271396.7728434,
    "ok": true,
    "as_of": "1782280690942"
  },
  "ok_count": 2,
  "ok": true,
  "collected_at": "2026-06-24T14:58:11+09:00",
  "schema_version": "v0",
  "diagnostics": {
    "ok_count": 2,
    "used_prev_snapshot": false
  }
}