{
  "source": "bybit+okx",
  "btc": {
    "oi_bybit_usd": 3636295956.91,
    "oi_bybit_coin": 56161.613,
    "oi_okx_usd": 1984076146.56721,
    "oi_okx_coin": 30645.321000000153,
    "oi_okx_contracts": 3064532.1000000155,
    "oi_okx_ts": "1784091783552",
    "long_short_ratio_bybit": 1.2957,
    "long_account_pct_bybit": 0.5644,
    "short_account_pct_bybit": 0.4356,
    "ls_ts_bybit": "1784091600000",
    "long_short_ratio_okx": 1.25,
    "ls_ts_okx": "1784088000000",
    "long_short_ratio": 1.2957,
    "oi_combined_usd": 5620372103.47721,
    "ok": true,
    "as_of": "1784091783552"
  },
  "eth": {
    "oi_bybit_usd": 1594733072.9,
    "oi_bybit_coin": 849844.43,
    "oi_okx_usd": 1473476190.6082437,
    "oi_okx_coin": 785317.8580000019,
    "oi_okx_contracts": 7853178.58000002,
    "oi_okx_ts": "1784091784911",
    "long_short_ratio_bybit": 1.9806,
    "long_account_pct_bybit": 0.6645,
    "short_account_pct_bybit": 0.3355,
    "ls_ts_bybit": "1784091600000",
    "long_short_ratio_okx": 1.07,
    "ls_ts_okx": "1784088000000",
    "long_short_ratio": 1.9806,
    "oi_combined_usd": 3068209263.5082436,
    "ok": true,
    "as_of": "1784091784911"
  },
  "ok_count": 2,
  "ok": true,
  "collected_at": "2026-07-15T14:03:05+09:00",
  "schema_version": "v0",
  "diagnostics": {
    "ok_count": 2,
    "used_prev_snapshot": false
  }
}